Fasta_Ab,Fasta_Virus,Species,pdb,Comments,,,
DNYGIFNYANQQSKEVPLWIHWEIHSNTNYEKWRYGSPYYF,MLKETINEEAAEWDRLHPVHAGPRGSDIATTWLGNKR,hiv,1afv,,,,
EYNFRNEDLTTSYYRADSD,YTTSTRGDLAHVT,foot-and-mouth disease virus,1ejo,,,,
YSGQVGYSSTYLSNNRTRWFY,KLDGIDCPHCDVFERSKAFNGSDAP,influenza,1eo8,,,,
WPPIILVHRARGRYRN,CVLVTQACRKQIKMYP,hiv,1g9m,,,,
WPIILDVHGEEGEYDN,CKVTQACRKQIKMYP,hiv,1g9n,,,,
HYLYRIQSDLSWHFWDDREGYI,CKRIHIGPG,hiv,1ggi,,,,
SSYKSGVPAYYYDYDFFY,YGSNWKGSSTQETSLSWGLSS,influenza,1ken,,,,
NRTYAYIPLTDFSMHWWVNTETFLQ,PGGGQIVGGVYLLPRR,HEPATITIS,1n64,,,,
QSYYDFTLYGNDTSYYD,RPNDPTYPGNISIASSNTDWK,influenza,1nmb,,,,
YFSGEQVGYTTTYDYDRLQITTIIDY,TGKNILDGIDPHVFERSKFRGPDAPIDT,influenza,1qfu,,,,
YTTYPIEWNFHYSDTNIHTSAYMYDYSNEF,RKSIRIQRGPGRAFVVTIG,hiv,1qnz,,,,
LHFYHFGYDDRRRGPAVN,ELDKWAS,hiv,1tjg,,,,
ALQLHFYHFGYDDRRRGRPIRVN,LLELDKWASLW,hiv,1tjh,,,,
LHFYHFGYDDRRRGPAVN,ALDKWAS,hiv,1u8h,,,,
LHFYHFGYDDRRRGPAVN,ELDKWAN,hiv,1u8i,,,,
LHFYHFGYDDRRRGPAVN,ELDKWAG,hiv,1u8j,,,,
LHFYHFGYDDRRRGPAVN,LELDKWASL,hiv,1u8k,,,,
LHFYHFGYDDRRRGPAVN,DLDEWAS,hiv,1u8l,,,,
LHFYHFGYDDRRRGPAVN,ELDKYAS,hiv,1u8m,,,,
LHFYHFGYDDRRRGPAVN,ELDKFAS,hiv,1u8n,,,,
LHFYHFGYDDRRRGPAVN,ELDKHAS,hiv,1u8o,,,,
LHFYHFGYDDRRRGPAVN,ECDKWCS,hiv,1u8p,,,,
LHFYHFGYDDRRRGPAVN,ELEKWAS,hiv,1u8q,,,,
LHFYHFGYDDRRRGPAVN,ENDKWAS,hiv,1u91,,,,
LHFYHFGYDDRRRGPAVN,EADKWQS,hiv,1u92,,,,
LHFYHFGYDDRRRGPAVN,ELDHWAS,hiv,1u95,,,,
WPPIILVHEAEGETDN,CVLVTQACRIKQIKMYP,hiv,1yyl,,,,
YTDYWLRRRSASYGDSTAWHYTT,YSKAFQYTGTDGATANRGEQI,west nile virus,1ztx,,,,
IDYLRNKGNTEDYGTNTNYSSYFNY,DHRTPGHDEWSKKIRGSASGRAD,influenza,2aep,,,,
NNYYRWDGGPSDYWIYGDDSRLDYEDSGAD,KRKRIHIGPGRAFYTT,hiv,2b0s,,,,
NNYYRWDGGPSDYWIYGDDSRLDYEDSGAD,TRKSIHLGPGRAFYAT,hiv,2b1a,,,,
NNYYRWDGGPSDYWIYGDDSRLDYEDSGAD,TKKSIKIRPRQAFYAT,hiv,2b1h,,,,
SSYAGIIIFGTANEDNPTLYHWKYSNY,VIKQDRNNTSHEHLQLTWGKQLAR,hiv,2cmr,,,,
SYTWGGITILIANYQRDTVMGGSKWDSSDY,TFSTFKKGDDVRRSYGYTTTGIGYQY,sars,2dd8,,,,
YNKYLNRYVQGTHFPQWNREYD,ANSNNPDWDF,HEPATITIS,2eh8,,,,
LHFYHFGYDDRRRGPAVN,ELDKWAS,hiv,2f5b,,,,
SYAVISYNYDRSYDRVRSNDSTRSGSGSDFTTSRSW,RSTPPALNCYWLNCYWLNDYGYTTGIYQ,sars,2ghw,,,,
TKYWTTRYWYNSTGYTEKVDGY,EANQTKCDISADADAVKKS,poxvirus,2i9l,,,,
WPPIILVHEAEGEYDN,CVLVTQACRKQIKMYP,hiv,2nxy,,,,
RSNFVWNPYNNKTVGPYWDDPQNY,SNAKSSGGDPQEIVTYCNPCRVGKTRDRGGDM,hiv,2ny7,,,,
LHFYHFGYDDRRRGPRVN,ELDKWNSL,hiv,2pw1,,,,
LHFYHFGYDDRRRGPRVN,ELDKWKSL,hiv,2pw2,,,,
WHDSSYIIFIHTYSNDTYSQPEEGMW,CVLVITQACPKRPNNNTIGDIRRIKQIKAMAPPIRGQ,hiv,2qad,,,,
DYSRGGGYYHIYYSHYYQHTYTVGDTF,VEQHHRRTDND,ebola,2qhr,,,,
YYDNLGVAISSTTYDYGSN,RKRIHIGPGRAFYTT,hiv,2qsc,,,,
SYTTPPFTTGSAHINNGYTSNRSARF,HSHYSVFNPSDENYADQSWGDGRK,hiv,2r0k,,,,
GFKDTYDANRDTEGAYYGNLYRSLES,KFKVVKEIRQEKDSPLKLNW,dengue,2r29,,,,
EVGFKDTYDADYEGRYGNYFYRSLE,KFKVVKEIRQEKDSPLKLNW,dengue,2r69,,,,
NLISNWAGGNNYDYDFY,HTGVTQNGGSNASWTKSGSTRSLLEYGA,influenza,2vir,,,,
QVTSYWDSDERYVYDYYYYLSNLESG,PVAPADQPRDLRATAEARRRKPFDA,pseudorabies,2xqy,,,,
TDYVWEYGTSTYAFDTYHLYLILR,KLGLITNTIAGVAGL,ebola,2y6s,,,,
TTYRYPGNDTTTEGIPQLYVSY,TFFSGDNRNTTTGIGYQY,sars,3bgf,,,,
TINYSSSSYPRATGYSMYNKYYWS,SVLAIVNAQPNHNQDGLC,ebola,3csy,,,,
ALQSDLHFYPHFGYDDRRRGPRGVN,LELDKWASLW,hiv,3d0l,,,,
ALQLHFYHFGYDDRRRGRPIRVN,LLELDKWAS,hiv,3d0v,,,,
ALQLHFYHFGYDDRRRGPVN,ELLELDKWASLWN,hiv,3dro,,,,
ALQLHFYHFGYDDRRRGPVN,KNEQDLLELDKWASLWN,hiv,3drq,,,,
YLFDRSWPSSDTDRGKCGGRCYSGLD,ETIYNTTLKY,cytomegalovirus,3eyf,,,,
SEVTSSFMFTQRPSYIS,HHQSPTVDGWDKTQIDTVNI,influenza,3fku,,,,
LINYYHIYGTTK,WNWFDITNK,hiv,3fn0,,,,
GPFRSPIFDDFAGYQ,HQDISMPTVDGWADKTQIDVTVNI,influenza,3gbm,,,,
GPFRSPIFDFAGYQ,HHVNLSLPTIDGWADQTQITVNI,influenza,3gbn,,,,
WDYYFANVYGNYP,CPTMGEVGCGLFGK,west nile virus,3i50,,,,
TALHFYHFGYDDRRGPRVN,ALDKWD,hiv,3idg,,,,
LHFYHFGYDDRRRGPAVN,ALDKWQN,hiv,3idi,,,,
LHFYHFGYDDRRRGPRVN,ELDKWAS,hiv,3idj,,,,
EIVSYLEFELWKVTGAVNFGSPRRDRDFTGGGW,ENTNNAKANSGGDVQRTRDGGSTTRGGD,hiv,3j5m,,,,
RIYGVVW,PGDIRQHDT,hiv,3jcb,,,,
TDDDTYRVSGDYVGSNTWDLNG,PTSSWPNEKGSSYPKSKSYVNQNET,influenza,3lzf,,,,
NRYYFIEHITDYSWINTELGWL,ELLEDKWSLWN,hiv,3mnw,,,,
ALQLHFYHFGYDDRRRGPAIRVN,LLWLDKWASLW,hiv,3mod,,,,
IWWKRGGAVNYARPQRVYDYNWEIQYYEF,KGGNTNNAKTSGGDITTRDGGANTNETRGGN,hiv,3ngb,,,,
YYIIEDWSGYWDDRYGFTY,KNRGIIKTFS,Respiratory Syncytial Virus,3o41,,,,
SGYWDDRRYGFTYYYIIEDW,KNRGIIKTFS,Respiratory Syncytial Virus,3o45,,,,
YKNNIRPSALGATSYRRRWD,THYEIEEQKQEKEQL,hiv,3p30,,,,
IRVGYHYDKGSGYFSTAGWWDKHIFNFY,SYNDKKLSNIAERSLSIND,Respiratory Syncytial Virus,3qwo,,,,
EHEIIWDVSTGDLEISFNFYKIKGGDMR,ARSSYKWRPLRYSSNSDYD,hiv,3rjq,,,,
YNFWGNWSGWWDVKRPKSVITTGY,TAETYVDSVTQVRSLDKENAAGHRP,HEPATITIS,3rkd,,,,
QRSNFVNPYNTVGPYSWDPQNY,DPTGDMPYSGGDPIVQEWLHQAARNECDGC,hiv,3ru8,,,,
VFAYYDSKRLYGNFYWTHT,SMPTNTLEVTEQPNQNACGLQLE,ebola,3s88,,,,
GYTTSFYNDYRPPLFYSSWSD,PPEQWEGMIDGRHEGTGQAALNAER,influenza,3sdy,,,,
RSHEWWKLWGAVSYARQRLSQDPPDYGDFRIQNFEF,KTGGSTNTNNAKTKISGGDEIHNMWQGTGTRDGNNTNETRGGNI,hiv,3se8,,,,
ELHWWKVTGAVNFGSPRRRDYTGGGWEIVSYLEF,KGGEMTMMALTSGGDINMGTGTRDGGNNRGGNK,hiv,3se9,,,,
CAYWLRYTD,NNRIIGDIR,hiv,3tyg,,,,
RKRGYNYYDFYDGYY,CSFNTTKDRKQKVNADEG,hiv,3u2s,,,,
LWWKRGGAVNYARQRVYYARDYYNW,DKNNELTGENNAKKTSGGDI,hiv,3u7y,,,,
YHSRVSYTQGTGTTED,KGVTAMSSVEVKLPDGEKRSYPEN,dengue,3uaj,,,,
YYHRVSYQGTGTTEDRFNSY,TGVTAMTSSVEVKLPDGE,dengue,3uc0,,,,
KDTYDARWEAYRYGNFLYRNES,TFVLKKEVEKEKKLINW,dengue,3uze,,,,
LGNFKDTYDARGWEAYRYGNFLYRNESNE,SFKLEKEVQKEDKEKPKLKLSW,dengue,3uzq,,,,
KKDTYDARWEYRYNFLYRNES,KFKIVKEIRQEEKDPGQLKLNW,dengue,3uzv,,,,
TIISSGGSYTYKDEGNGNYVYFWSTR,DVNDCTILRALGPGAETACQGV,hiv,3vrl,,,,
QTRTYGILFKKSMRLTTLTSYNWDSSGNRATY,LDQLTDRYHQRDSLRDSIGLPRFINTVYSLIA,herpes simplex,3w9e,,,,
YLRSLYFWLSFYYR,RVAGIENTIDGWLKTQAIDINLNIE,influenza,3ztj,,,,
SYLRLYFWLSFNYYR,HHSVSTVDGWLKTQNIDITVNIE,influenza,3ztn,,,,
WNWNTVNYDKGGSAMQHWTYY,KAETQHGTLQITAKPNEE,dengue,4al8,,,,
WNWNTVNKGGSAMQHWTYY,KSETQHTLKITAE,dengue,4ala,,,,
WNWNTVNKRGGSAMHWTYY,KAETQHGKIE,dengue,4am0,,,,
TTDNHYYYNGRYRYDFNDYDEFL,IDKEMAETQKKVNYTLHWFRKH,dengue,4bz2,,,,
WVWFDNYLFIRSNWI,RQLINTNGSWHIN,HEPATITIS,4dgv,,,,
WDDVKYYDFNDGY,SNTKDRKQKVNDG,hiv,4dqo,,,,
YSFNFYWMDSEESRRSNYRYDSSYWTSY,QLQTGKLRHYNTINHSADSLIENYRNYKND,Vaccinia,4et1,,,,
RFESKFHKNGAVDFFSHYAPTRWT,TNNAKTVQPSGGITRDGGNNNKIRPGG,HIV,4EY4,,,,
NWRENRYDPYYAMDIQHYQQTDSWPT,KRSGYGQILWRTN,TGEV coronavirus,4f2m,,,,
HYGNFYLNNNEDYNWWRDVNKWFFPW,YVMCKPFSTQEKGATQNGRLAEPPVGAGEAK,dengue,4ffy,,,,
FGESYMVVSAGWERA,YTQNGGSNSWTKSHSQETSL,influenza,4FP8,,,,
TNNPIFGDIFSNYYYR,HQDISMPTVDGWADKTQIDVTVNI,INFLUENZA,4FQI,,,,
TYYWWNNSGGTNYAQQRSDYNWEIQSVYYEF,TRDGGVSNTEIRPGGDMRDVDRDNAKSSGGDF,HIV,4JPK,,,,
RFWWKTGQPNNPRQRWDFQDWDIYYEF,LGGENTDNAKKSGGDIGTGTRFGGENIRPGG,HIV,4JPV,,,,
THWLKVFGAVNYARQQRIYDDLKWDIQSFQW,LTGENTNNAKTSGGDEINMWGTGQTRDGGANNNETRGGNKR,HIV,4JPW,,,,
VGFIFTAMLSRGYIGSKSDNWDSS,NTGWLAGLFYQHK,HEPATITIS,4JZN,,,,
IGYYENPRTRINWADDDEGYDNL,TSFKEKKYEGTDKEK,dengue,4L5F,,,,
YYYSBYQGGAHTNNYKSTIPW,YQMFSDSDGNDSQEVR,VACCINIA,4LQF,,,,
PFHWWNTNGAVNYAWYRRMREWDIQRIDQYETF,NTNNAKNKSGGDEIGQTRDGGANNTNEGNK,HIV,4LSP,,,,
PFHWWNTNGVNYAWYRRSRESWDQRDQYET,KNGTDNAKFNKSGGDEIGQTRDGGENNEIRGGNK,HIV,4LSQ,,,,
APFEWWTNGAVNYAWYRRMREWDIQRDQYETQ,NSDNAKFNKSGGDITQTRDGNTNNSREGGNK,HIV,4LSR,,,,
IDWWKRGGAVNYARPQTVYDYNWVYYEF,KLTGNTDNAKTKHSGGDINVGRTRDGGNDDDTETRGGDR,HIV,4LSS,,,,
SFWWNQWGQVNYARTQRVYDEWFEF,KLTGTENTNNAKSGGDEIHNMWTGQTRDGGANTNETRGGGNI,HIV,4LSU,,,,
RFWWKTGQPNNPRQRWDFQDWDIYYEF,KLTGENTNNAKFKKESSGGDIVLRDGGQNTETRPGGG,HIV,4LSV,,,,
YYYSNYKYEDYYSNYNRQGTHFPY,YQMFDWSDGNDDVSQEVR,Vaccinia,4LU5,,,,
SYRNLASGVAGSSSIPFQVGFDYWGGGTYKKASYNY,YTEDTKTTQDSDVSVKDYQMDDQEVRK,VACCINIA,4M1G,,,,
NYRSGYPDTNIGTKVDDDNNISTD,YKGVTAAPAGAKWVADQSLKRDQ,INFLUENZA,4M5Z,,,,
FKFYRNREFEGYTTEYTYGSYY,DDGVKPIRDEINPEHEKKEYNCNK,INFLUENZA,4MHH,,,,
FKFYRNREGIEGYTTEYTFRNYGSYY,DLNGVPLIRDENVPE,INFLUENZA,4MHJ,,,,
DNYVLFTSVTPRYCGGGFCSNGY,ILNCNESLGLALFYQWAY,HEPATITIS,4MWF,,,,
TSYAWINPNNAKDRGFDLGYNTWDDNW,TGHRMAWDMM,HEPATITIS,4N0Y,,,,
LGFSRPVVAKE,VNNTPIGDIRQHT,HIV,4NCO,,,,
SEWQHSYFYRTAYYYSYSTF,NEQELLELDKWASL,HIV,4NRX,,,,
TYKFFGSSHYCLDC,YTQNGGSSASWYKSGSKNLL,influenza,4O58,,,,
TYKFFGSNSHYCLDCD,YTQNGTSSNSFWTHLNFFLI,influenza,4O5I,,,,
HNYYNDFWSTRVGYTTSYWHWDNSDDGYRY,TWDGILSDNRRPGYKTNQLEHRRSTN,west nile virus,4OII,,,,
WWKRGGAVSYARQRARDYYNWQYEF,KENTNNAKSSGDIDGGANTNETRK,HIV,4OLU,,,,
IWWKRHGAVSYARQQRARDYYNWQYEF,KNEENTNNAKSGGDEIWQGTRDGGANTNETRGK,HIV,4OLW,,,,
DIEWETPYITGQNQKGNNY,TAEEAGTTKYTTNLGSGPVS,HEPATITIS,4PLJ,,,,
EAGTTKTSLGAGPVS,TAEEAGTTKYTTNLGSGPVS,HEPATITIS,4PLK,,,,
QEFTRMYYSMNLGGRWY,HHSVNLKNSSLPTIDGWQKTQIDITVNI,INFLUENZA,4PY8,,,,
YASNLASGVPFSASGFTFNTYKSDSQSIYYY,ISWRNQASKIVKSVENPVSYGNWPNSINSD,INFLUENZA,4QNP,,,,
DIQYHLIGLRSGYWEKNSPNYHPSLKNWPYL,FDAKAYDTHACVPTDPS,HIV,4R4N,,,,
YTIKVQGRVEVGSGTYNRDGSR,ENTDGWDYKTQIDITGLNIEN,influenza,4R8W,,,,
WIYDDRLYYYDSGYYASNYEDYSW,RDKKQKVHALFYKA,HIV,4RIS,,,,
SEFNELKRSGRLMTYRRDRSTGLGEAPDYYNPYSSTPY,TWKNNEHENTNNAKTSGGDEINMWQEVGKTRDGGKDRR,HIV,4RWY,,,,
SEFNELKRSGRLMTYRRDRSTGLGEAPDYYNPYSSTPY,EWKNNVEHLTENTNNAKTTGGDEINMWQRVGQTRDGGDRDR,HIV,4RX4,,,,
RHWWKMWGAVSYARQQRLSQDPDPHGDFEIYEF,KLTGGSTNTNNAKTKISGGDEIHYINMWQGTGQTRDGGANNTNETRGGNI,HIV,4S1Q,,,,
MLEWWRGGGVNYGRRQRRYCNADCFNWVQYEF,KNEQEIENTNNAKTSGGDIQGRDGGANNTNETRGNKR,HIV,4S1R,,,,
IYWWNRGGQVNYSRQRRDPKWVQYEF,KENTNNAKSGGDIWQGTRDGGANNTNETGGGNK,HIV,4S1S,,,,
WRTGEGSDKYYFWSGYPPGER,SLWNWFNITNLWLIKK,HIV,4U6G,,,,
TTRFWYNSTGYTERQTNYNNYD,QEANSQTKCDISADADVKLKS,VACCINIA,4U6H,,,,
YTIQKVQGVEVGSHRVGSTYTSV,LVKDQNTLKPDGLKTQIDNGLNIEK,influenza,4UBD,,,,
TSDSSTRYYDSTYYPDN,GNDTGKTTTESRCLVDRWGNGCIAKKQD,DENGUE,4UT6,,,,
DYDWFPLSGGFNYDTSRSSSRG,RHGELIKQKVKRQDNTTTESRCQSLNEVRWGNGCGITKKQ,DENGUE,4UT7,,,,
TEDSANFYYYSSTFDSTRRRYNW,TTTESRCQNEVDRGWGNGCGITKKQDSSVKERD,DENGUE,4UTA,,,,
SNDSTRFYDSTYYPDS,GNDTKTTTESRCEVDRWGNGCIAKKQD,DENGUE,4UTB,,,,
YWSTGRFYKRMDEDNYNLYSNEMTTHAP,QLINTNGSWHV,HEPATITIS,4WHT,,,,
NKYGQSLSTYALSWGVILLITNEGKPGF,NWFDITNWLWK,HIV,4XAW,,,,
DNFYATQRGLNSYVGYTIGYWRGMTMVRV,FPPNPLVWKTSDTWFQLNDLDSWVDSTP,VARICELLA,4XHJ,,,,
YDYPLQSYYWVDSFDYGSD,IHIGPGRAFYT,HIV,4XMK,,,,
VLWWRGGVNYARQQRVYRRHCNADCFNWYIGQITRHLE,KNVEQHTIGGENTNNAKTFKNTGGDINMWQRVGTRDGGNTNSRETRGDRR,HIV,4XMP,,,,
YLGVSSAQGKSWIKKNSHEKLGQS,TLGDKYDNWSWEYNNLFDILT,INFLUENZA,4XNM,,,,
MLREWWRGGGVNYAQRQRVRRYCNADCFNWYIGLQIHFEGF,KEHTINTNNAKTKTGGDINMWQRVGTRDGGNTNSRETRGDRR,HIV,4XNY,,,,
TLGDKYDNGWFSWEYHSGNTNSVKLFDILT,YLGVSSAQGKSWIKKNSHEKLGLSTPTTYREN,influenza,4XRC,,,,
NFASWAISSDYAVVSSDIYYWSKFYDWNV,RQLINTNGWHIN,HEPATITIS,4XVJ,,,,
LGTNNAKISGGDEINMWAGQTRDGGKDNRGGDRR,NWWKKFGAVNYAHQRIYDGSWIIE,HIV,4YDI,,,,
DLGSHFTYFLVRERGRHFPNRDNLEKDR,WKENNAKTIRPSGGDLITMYKIKILTGRPGGNKDR,HIV,4YDJ,,,,
QLTGGSTENAKTPSGGDLEITHNMWQGTGQTRDGGATTRPGGGNID,SAHGGSYSRDHFYHEGSGYYYRAGDANYTNSHSFQT,HIV,4YDK,,,,
IFWNRGGGVNYSRSQRNFEWEIQLQLEF,GGNTNNAKSGGDIWQGTTRDGGANTNETRGN,HIV,4YDL,,,,
KIWMDYRGRPWSAHQLRTAASHRIDSDGSIL,WKNEQENTNNAKPPSGGDIWQGTRDGGANNTRPGGNIKDR,HIV,4YFL,,,,
LGDKYVDNWDSSAVIWGFIFTAMLSRGY,TGWLAGLFYQHK,HEPATITIS,4Z0X,,,,
GFSHYYDERRIVDDYYYKYHNTDN,QNKNRGIKGDEKLEESSNGS,Respiratory Syncytial Virus,4ZYP,,,,
RNKYFSWP,YGKPDN,sars,6nb6,,,,
HSNYWSQYYSTLVGYNNYWWLYSDDRTSGIYGDY,VHALFYKDIVPIE,hiv,6vbp,,,,
WPPIILVHEAEGEYDN,CVLVTQACRIKQIKMYPENVGFATNVVI,HIV,5A8H,ANTIBODY 17B,,,
WYRYYQILVSCKAYGVNTFGLYAVNWYGQIWRWKSSISAVDLTGSSPPISSTTTSTYDKWSGLHDGVMS,LENVTENFNMWKNNMVCAPGFAILKCNDKFNGTGPCTNVSTVVIRSENFTNKTIIDRLYKYKVVKIE,HIV,5A8H,ANTIBODY 8ANC195 VARIANT G52K5,,,
SAACHCASYWNRGWTYHNPKTPVLRYTDWVGNWD,VTDTPNDIIGDIRHVR,HIV,5C7K,Antibody Fab PGT128,,,
QIHVQSGYGNTGLYWRWLTGSSPTYDKWSGHHDQ,VWDKDTEEFNKKNTGPENITKHFRNKSSWSNLQDKESNY,HIV,5C7K,Antibody Fab 8ANC195,,,
WPPIILVHEAEGEYDN,CVLVTQACRIKQIKMYP,HIV,5A7X,ANTIBODY 17B,,,
FLPKGYFPYDYGTWLYATSLADSGS,HHSVNLTGMVDGWADQKTQNINITNVNIEKN,Influenza,5C0R,,,,
GGPFRSYPIFTFGYQ,HHVNLTGVDGWADQTQINTNVNIE,Influenza,5C0S,,,,
YHWIINRRTTTCNSDSCYVLPKQYAYDSGTVTDIYL,KKQKVHALFYKLDIVK,HIV,6VBQ,,,,
EVGYKDYWIYDDRIVGAKADYHDNYNYRYKDSMGTHF,QKVHALFYKLDIVP,HIV,6VBO,,,,
RIYGVVSFGELGSNNQDPDIF,YAPNLLSNIIGDIRMHVLP,HIV,6UDK,10-1074,,,
FDDPYTDDFTPHFARPIYSYRTRDSSLFDMYYEEGLSTGGTP,EWKNNEINTTNNAKNSGGDEVNMWQITDGGSTRGGGDMRHKSRAY,HIV,6UDK,1_55,,,
YGVFELGSFSR,VNCTDIIGDIRQAHNSTLP,HIV,6UDJ,10-1074,,,
RDDPYTDDDTPHFARPIYYRRSSLTFGDAHYYERQGLDSHGSGADRGGT,KRSIRAYWKNENTTNNAKNSGGDEVNMQRITDGGSTRGGGDMR,HIV,6UDJ,1_18,,,
NYHSGSIYYPRVWFGEREIQNNW,NNDFHFEVFNFVPSICSNNCI,Respiratory Syncytial Virus,6UVO,,,,
YWNTRNRWSLYYDSS,TKTPIIGDIQHT,HIV,6UM6,,,,
YYWGTNYRGWSLYYDYNDQSYLYEKSYAGSS,KTGIGDKQHTQ,HIV ,6UM5,,,,
YYWNNSRRRGGWSLYYDSSYNNQTYDYYEKYAGSA,TKTTVPDIIGDIKQAHTLQ,HIV,6UM7,,,,
YWGGSTSYAQRTEGSLL,WEITKNVKTSGGDIRDYGRR,HIV,6UDA,,,,
TYYASLTTSYQTAAEF,MANQPNDPNIGKDYPRK,Influenza ,6U02,,,,
NYYRYSSRDSDYYYGYASAPYAY,NSKTFNTEEIVIQAKEEPN,HIV ,6U59,,,,
SSMSSGGSYYQDYAWASQTGTWYASSTFYSTF,NLTKTRNGITKKQTAETLYATEDDLFPILR,Nipah Virus/Hendra Virus,6TYS,,,,
TSSGWYPGDSDADRSQYEDNYGYYLFRTGISTYYKYLNGVSGGGSGTT,NVTEDNSGFMPKCSKTYWHGTIVKHPRYTGTN,SIV,6TYB,,,,
TYAHSTWYTYMFWSTFSYW,WNWFNTNLWYKPCVRFR,HIV ,6SNE,,,,
GSYYSSTYKYDFWSGGYYDTY,SMKGTSCDIFTNKLCGVLQW,Rabies Virus,6TOU,,,,
TYHSTWDPVYTYMFWSTFSYW,NWFDTNLWYIKLFIMWL,HIV,6SND,,,,
SYTNTSGSGWSWNIISSYYYSGITY,KIPNVSNMSQCTGSMENKESNCKESSY,Nipah Virus,6T3F,,,,
WSWGDYTRGPEPKGDGYAASLGY,RELIKDRRWSPDNRNNIRTEGPSNEERNRNYPKW,Influenza,6Q23,,,,
AGYDYSRRDW,EKKPDGSSGTGPCAQTGTEE,Ebola Virus,6S8J,,,,
TKYHSTWPWYTYMFWSTFSYWW,NWFDTNLWIKIMWL,HIV,6SNC,,,,
ESQSYRASWLATIGGNNAANKRLSRP,NALQVREAIVNAQPKCPNDGCQE,Ebola Virus,6QD7,,,,
SGTNWYYRGQRLSHYSQSSTYFSNTYNR,PVKEEAIVAQNEQSPQDEGAAIGLAWI,Ebola Virus,6QD8,,,,
AGYYYIRSDWRKDPHY,KKPDGSTGPAQTGTEE,Ebola Virus,6S8D,,,,
YAGYDYARRDWRKDPP,KKPDGTGPAQTGTNEE,Ebola Virus,6S8I,,,,
SYYASLSSYYRIPAVD,RPNDPNIGKNDPYPNRK,Influenza,6PZZ,,,,
SSFASLDDNWNDITWGEYTTREEP,REIHDRNNARNIREPATGPEERWQPGNNNNASRYK,Influenza,6Q1Z,,,,
DDWNRTWGDYTTGEEISSYYAASLG,REDRDDRSQNIREGSASGREERWKNNPGDSRWYQ,Influenza,6Q20,,,,
RGSSYYKSVIWYYGIGWDNLN,HRPNNARNISTGPNNNLAWN,Influenza,6PZY,,,,
TYYASLQYTEVGFTSYQTAAEFDY,QPNDPNIGKDPYPR,Influenza,6PZF,,,,
TSSGGYNYKGNYSSNNYDSNNFITMI,NTWRRYILKWTNANKPNIQTEF,Influenza,6PZW,,,,
SISSYYSNWNLYDEGYM,ENNESTMPNEQFKYR,Influenza,6PDX,,,,
YYYSSYPGLEWELSVWSSGNNYYDNNKPSGSKTSLS,RNIHDRSPNNNIRGSATEERNNNNGARYRPKDKWWT,Influenza,6PZE,,,,
VGFMRYSSSLSGSHNRDRRSGSSVGAYNYEKINYSTNSP,LYKCGKRCIPLSNSYLNETHFSDDEQDTSKDTPNQRL,Lassa Virus,6P95,,,,
YGDNRIYGVVFKEFTYELGSNNNDPGSFWDSRRPT,TNNDMDIIGDIRQHTLP,HIV,6OSY,PGT122,,,
EGGNAGSGFEKNRWWKLWGAVSYARQQRLSQDPDPDF,NTTNNAKNSGGDEVWQIRDGGSTNSTTERGDMEKPKGAY,HIV,6OSY,VRC03,,,
ISPYFYSNTMDYPSQSRTTSERVVAHNSSYRHHYYEDF,NYTQIPNPQEIHLEAVGIGAVFL,HIV,6OSY,0PV-a.01 ,,,
TDSKYRLRGVELWYYDSYW,YSLCTAAAGTDPCKLVGEKK,Zika virus,6PLK,,,,
QFGWNDYYAGSTRKRTYDGLGGAYNEYISSDR,QQNELLCTYENTRCGSTGASITTVITHDWGNMTQ,HIV ,6P65,,,,
GYREWWKLWGAVSYARQQRLSQDPDPDYDFEIQNADTSRFEF,EPKSGAYKTNTNNAKNSGGDEVNMWQRITRDGGSTNSTETRGDM,HIV ,6OT1,VRC03,,,
YYSGDTNRRIYGVVAFEWFTLGSNNPGSFWDSRRPT,VTNNDIIGDIRQHTLP,HIV ,6OT1,PGT122,,,
HYYDEPVIAGTVDHSNGHYHYLYESNTLQIF,SYQIGENAVGIGAVFLMR,HIV ,6OT1,0PV-b.01 ,,,
KSYSTSGSKYSLHSTSDISQSISYYSGYYGSSL,RCIPLSSLNETHFSDDED,Lassa Virus,6P91,,,,
TSSGSYGITTVGYDGSNEDY,TNYALLSNRRDIGD,HIV ,6ORQ,,,,
GYYDNYAGYRYSVWSRVNLIGYYNG,TNNAHFGNTSGTRDGGSTSTER,HIV ,6P62,,,,
TGYYWWNPNSGGTNYAQKQRSDYNWYQYEM,TRQGGYSRSGGDWDDRDNAKSGGDF,HIV ,6P8N,,,,
EVYRSSWYDYYLYSG,DAQISEGEARLRT,Marburg Virus,6OTC,,,,
SSSNYWWDTSIGGFYSYNSLS,TYAPNLQKYLNKDIIGD,HIV ,6ORP,,,,
SYYSWNELGKNHRKS,EGGSKRKGVSYTDGPTEST,Zika virus,6NIU,,,,
DGAYVLISNWDDISTYLYNLETYQY,LSNIKENLDYKVQEGNKSLKDLNIKEEV,Respiratory Syncytial Virus,6OE4,,,,
QRSGGSLDLVYFDGSYGYADMSNIFDRWTGYDKSVAS,DKAIPRENRSN,HIV ,6OKP,SF12 ,,,
YYSDRESATRRIYGVVFEFYYLGSNNQPDFWDSRSGF,NTNNIIGNIRQAHTLQ,HIV ,6OKP,10-1074 ,,,
TSSNSGTYNWGQSTSFGDES,TNYAPNLQSKYNDIIGDI,HIV ,6ORO,,,,
SYNYTVFGLLIINISYNASRFD,HNTMIDGWLTQIDINGN,Influenza,6NZ7,,,,
YYGTSSSYASWGIIIFTNEFGKPLRF,NWFDITNLW,HIV,6O42,,,,
SYAFNWGIVLVSTNEWFGRPLRFYGTSQS,NWFDITNLWKK,HIV,6O3L,,,,
TLAFNWGIVLFIVNEFGKPRFYGTSQS,NWFDITNLWYK,HIV,6O3G,,,,
TLAFNWGIVLIVNEWFGKPLRFYGTSQS,NWFDITNLWKK,HIV,6O3J,,,,
SNYFNWNDGLGRNTYSNNRKSD,GGFGKRLKGVSYSTDGPTESTE,Zika virus,6NIP,,,,
GGHGQHARDNEKHDRLRPWNIGGRLVYYYYENLF,VEKTNVAVGIGAVFLASAAMT,HIV ,6NC2,,,,
EVFGTTGNAHWWNPHSYYNEARNEYYSTMSSYL,EVVAVGIGAVFL,HIV ,6NC3,,,,
EQGNADSRFEFKNRWWKLWGAVSYARQQRLSQDPDPDDYDF,KCPKGYKTNTNNAKNRSGGDEVNMWQRITRDGGSTNSTETRGDM,HIV,6NF2,VRC03,,,
YSGDNRIYGVVAFEFTFELGSNNNPGSFWDSRRPT,VTNNDIIGDIRQAHTLP,HIV,6NF2,PGT122 ,,,
QVSGGTPGRGFLYNRNRAKDYRPRI,NQEIHEKKLAAVGIGAVFLGGMT,HIV,6NF2,0PV-c.01,,,
KFYFSWP,YGKPDN,SARS,6NB7,,,,
WRVWSSYSSTYAGSS,KPLKSIVPSTWEDDYYTVAM,MERS,6NB4,,,,
WELYYYYLPKQYDSVG,PKLRSMMVRMHI,HIV,6NFC,HMP42 ,,,
NRGLFMSSALQSSYYYYGRF,KNQDLALDYTRGLSWD,HIV,6NFC,RM20A3,,,
WRKRVWSSYSSYLAGSS,TKLKSIVPSTWEDDYYTVAM,MERS,6NB3,,,,
SGDNRIYGVVFEFTLGSFWDSRRPT,TNNIIGDIRQHTLP,HIV,6N1V,PGT122,,,
NRWWKLWGAVSYARQRLSQDPDYDFEQGNADSRFEF,KKAYKTNTNNAKSGGDEVNMWQITRDGGSTNSTETRG,HIV,6N1V,VRC03,,,
YSYNGGTRYPRVEGVPTTGDNVNYQYLYEPQYISLGH,NEIHLENKAVGIGAVFLGS,HIV,6N1V,A12V163-a.01 ,,,
YYVEPVIAGTVDWHNYHYLYEETLQIF,AVGIGAVF,HIV,6N16,,,,
SFTTTYWEVNYSNANRIRHAYS,TDIDQIHDFIDKP,Bundibugyo/Ebola/Sudan virus,6N7J,,,,
YSTTDYSYTSTTDYDVGPSWTSEYSY,NVHDRDNNSASGKQRNWKNKGGHK,Influenza,6N6B,,,,
FTSSYDSWYSSDYYEYWYWSNW,SKFTGTSNAKSGSSRPWVRGLS,Influenza,6N5D,,,,
RNFYHWSYSDKNEPVTSFLLRDGSTYEEPHN,GSTNSEDNTLQKENVTEEPP,HIV ,6MU8,35O22,,,
QGKRIYGMVSFGEF,VTNAITIIGDIRQHTLP,HIV ,6MU8,3H109L,,,
QRNFYHWSPYSDNPVTSFLLRDGSTYYEEPHNS,GSTNSEDNTLQKENVTEEPP,HIV ,6MU7,35O22,,,
QGKRIYGMVSFGELGSRNNQDPDINFSRSG,VTNAITIIGDIRQHTP,HIV ,6MU7,3H109L,,,
YDWYSSDYYYYYSWYWSHSW,ERPAVDYQRNSRPWVRGLN,Influenza,6N5B,,,,
GSTNSEDNTLQKENVTEEPP,RNFYHWSPYSDNEPVTSFLLRDGSSTYEEPHN,HIV,6MU6,35O22,,,
QGKRIYGMVSFGEFYLGSRNNQDPDINFSRSG,VTNAITIIGDIRQAHTLP,HIV,6MU6,3H109L,,,
QRNFYHWSPYSDNPVTSFLLRDGSSTYYEEPHN,GSTNSEDNTLQKENVTEPP,HIV,6MTJ,35O22,,,
QGKRIYGMVSFGELGSRNNQDPDINFSRS,VTNAITIIGDIRQHTP,HIV,6MTJ,3H109L,,,
QRNFYHWSPYSDNEPVTSFLLRDGSSTYYEEPHN,GSTNSEDNTLQKENVTEEPP,HIV,6MTN,35O22,,,
QGKRIYGMVSFGEFLGSRNNQDPDINFSRSG,,HIV,6MTN,3H109L,,,
TYTSWGIILLGLPNTEWFGKPVGRNNQYGGSFG,RFPLIHTDAGNWFDITKLWKLF,HIV,6MTO,,,,
DYTWSVLLNLNKEWFAKPVFDSHV,RFPTLIHSAGGNWFDITKLWKAIQ,HIV,6MTQ,,,,
TTGILLLNIANYVKFAEHSNSWFSPWYSYSSY,KWASLWNFDITKWLWYK,HIV,6MTT,,,,
KAWYNEGPDHDYGVHLR,AVGIGAV,HIV,6MQM,,,,
YSIWYEGVPTGDNYQYLYEQYHF,AVGIGAV,HIV,6MQS,,,,
TRDFFYYRAKIYARIDDFSFL,AVGIGAVF,HIV,6MQE,,,,
YFYNTERVVAHSSRHQYEDFL,AVGIGAVF,HIV,6MQR,,,,
DWNNAAVGYRDIQGFGNYAYNSA,FATHACVPTDPNPQILETPAGYVSVQI,HIV,6MFP,,,,
YTFTGNPHGTSFPNYYGPYDNVAYSTGGFG,NITNIGDIRP,HIV,6MN7,,,,
WMSVWGFKDQAVHEYEDDSSYYYRWYF,KIHIGPGRAFYT,HIV,6MNS,,,,
SFGEYMMVVSAGWERADYDN,YTRGVTASWTENHNEERALRQS,Influenza,6ML8,,,,
GRGFLYDRAKDYRRIDDCFVEFL,AVGIGAVF,HIV,6MQC,,,,
WMSVWGFKDQAVHEYEDDSSYYRWDYF,KIRIGPGQAFY,HIV,6MNR,,,,
RVRDPYDWHVVLSRYEFQEGPPRLDRWSGRNYYYYSDQKFNFSGSKDF,NYQIYGEQEITVQAVGIGAVFLGFRNGV,HIV,6MAR,,,,
IYGIALTNRIGRGDDYETIEYF,SIRIGPQF,HIV,6MNQ,,,,
SYYRYSGSEEHITFGSSWKYNY,HHVTTGMVDGWHSGYLTQIDITV,Influenza,5GJS,,,,
SYYRYSGSEHITFGVSSWKYNSY,HHVTTGMVDGWHSGYALTQIDITV,Influenza,5GJT,,,,
RFYYPVTSFLLRDGYNERAPI,GSTNSEDNTLQKENVTEEP,HIV,5FYL,35O22,,,
YYSGDNHRRIYGVVAFKEWFTFGEELGSRNNPGSFWDSRRPT,VTNNIMDIIGDIRQAHTLP,HIV ,5FYL,PGT122 ,,,
NMEIIGDIRQHT,RIYGVVAFKEEELGSRNNNDPGSFSRRP,HIV ,5FYK,PGT122 ,,,
GSTSDRNNMTMERVENVTEHPCK,QRFYYTEPVTSFLRDGYYEERAPG,HIV ,5FYK,35O22,,,
IDWWKRGGAVNYCRQGRYRYWYGRWGPYYEF,QITSNTNNATSGGDIWQGTRDGCINTEIRGGDR,HIV ,5FYK,VRC01,,,
RRDPKYDWHVVYNLVSRYERFQESGPPRLDRWSGRNYYYYSDDQSNGKFENFSGDSKDFL,PNQEVTVQAVGIGAVFLGFRLSGVQQNNNYSEYTE,HIV ,5FUU,,,,
RIDTWWKPRGGAVNYCRPQGRVYRCDYNWVQYGSRWGPYYEF,KVENTDNAKTSGGDIRQRVRDGCKSTETRGDR,HIV ,5FYJ,VRC01,,,
YNRRIYGVVAFEELGSRNNNPGSFTSRRPT,TSNSNEIIGDIRQAHTLP,HIV ,5FYJ,PGT122 ,,,
QGKGRNFYHWSPYSDKNEPVTSFLLRDGSTYYPGHN,AGSTSSEDNLTVERKNVTNPK,HIV ,5FYJ,35O22,,,
NWRTPGESDKYYDFWSGYPPGERR,LWNWFTNLWIKIM,HIV ,5GHW,,,,
IENNWNGGDTRSMSRDNSNTIDDQGIFYKGSGTWEISVHPYSGYGGSPY,NNNSNRDKKKKY,HIV ,5ESV,,,,
FRSRSTDYQK,DEGAAIG,Ebola Virus,5FHC,Antibody 100,,,
GFRMYDHWAVGPSDYYDRGVAGYLAGNSAL,EKKPDGSESGTGPCQATGTELNLYTTS,Ebola Virus,5FHC,Antibody 114,,,
EVGSRRNYYSGSRTVWYYTSTYDHYYDK,TTLFCADHACVPTDPNPDYCPAQC,HIV,5FCU,,,,
KDTFDPADHIAVVPTPYNSFDNFFLASSN,NIKENKCLKNYDKQLPIVNKSCEE,Respiratory Syncytial Virus,5W23,,,,
TYALSWGVILLITNEGKPIGFGNKYGQSLS,NWFDITNLWK,HIV ,5X08,,,,
WRTPGESDKYYFWFGYPPR,LWNWFTKLWIK,HIV ,5WDF,,,,
EHAHGISWSVMVATFYHERNNWY,DFFEVFNFVP,Respiratory Syncytial Virus,5WNB,,,,
FWWNLHGGVNYSGRQGVTMRIYDGYDQSGHFET,TNTNNAKSGGDITGQTRDGGANNTRGGN,HIV,5WB9,,,,
FGSTNYAQDDEPAAPYSDSQGSSYRYATS,QKDDFQNKEEFTQESDGSRVNSFFRLNDKFRYK,Influenza,5W42,,,,
KFFYSGAYWVDNHAHSAFSILSG,FEIFPESSWPNNSKSYANNKEGDT,Influenza,5W6G,,,,
QIHYGNGLRWSAVDTGSSPTYRWSGHHDSTGNWYRAALA,WSNRWLQDKENWKDTEEFNKGPNITFR,HIV,5VIY,8ANC195 G52K5 Fab light chain,,,
HPEGFYPDYRWAYGSQYQEGFG,QTNCSKYN,HIV,5VIY,BG1 Fab light chain,,,
HGRRIYGIVAFELGSRANNQPDINFSRSG,VAIIIGDIRQHTLP,HIV,5W6D,9H/109L FAB ,,,
ERNFYHWSPYSDKNPVTSFLLRDGSTYEERAPHN,GSTRNSEDNTLQKENVTEEPP,HIV,5W6D,35022 FAB light chain,,,
IQSIDNWSGTHRWGSEYSGYTSTW,SDDIAVLPEYRKTEGINLLKQ,Arenaviruses,5W1K,CR1-28,,,
YYRSYGGSSYWYNYRITHYALSDCSGGCY,IQHPADSWSKSDDIWQNWYRT,Arenaviruses,5W1K,CR1-10,,,
VNGLLTGSSPTYRWSGHHDSTGNWD,SSWSNRLQDKESNYKTEENGPNITFR,HIV,5VJ6,8ANC195,,,
RYNDFYDYY,DNRDKKQKVYSIKN,HIV,5VJ6,PG9,,,
YSRSDKYWYYSSPQSRFPPYSYAWD,ISVLMEYDVYNRNTKKENNPSF,Machupo mammarenavirus,5W1M,,,,
NYSYYSYRSYWYHVGWHYSSSS,EYHLRTQGPIYVIFSTDDGERFLLQQ,Ebola Virus,5W2B,,,,
YYSYDTYYMGYGSPSYKFHNNEDW,LINTNGSWHV,Hepatitis C,5VXR,,,,
GFTTYSSSRSGSHNRDRRSGTLPDGGYNFLYERIRASVNYSIHSP,LYKCRCIPLSNSLNETHFSDDEQDDSEGKDTPQRL,Lassa Virus,5VK2,,,,
RSNFNYNGNKEFSAQVGPYSWDSPQYHSIRSRSGYAS,KLDVVPLENKNNITRINNTTSSGGDPEIVTYCNQCRNWQGVGTDRGG,HIV,5VN8,,,,
ETALVVSETYHYDVNYLYVNLETSYD,TSNIKETKCNLKSYINNQLPILNQQSCSE,Respiratory Syncytial Virus,5UDD,,,,
SIDDSTYDRGPRGVELDIQSSWYTFYSVPW,VMCTGSFKYEGTDKPSQKAGEK,Zika Virus,5VIC,,,,
NDHEDKGSKHRLRDYFLYNEYGPNYEEW,TPVMTRKTVNMTRDKKKTNMTRDKK,HIV,5V8L,PGT145 ,,,
RFWWKTGQPNNPRQRHASWFDQDWDGYRWGQYYEF,KSIRAYNENTNNAKRSGGDVQITRDGGSTNSRPGG,HIV,5V8L,3BNC117,,,
RFWWKTGQPNNPRQRHASWDFDKQDWDIGYDRWGQEYYEF,NNTNNAKSGGDVQIRDGGSTNSTTRPGGDKSIRQA,HIV,5V8M,,,,
DNRRIYGVVAFEWFTELGSRNNNDPGSFWDSRRPT,TNNTMIIGDIRQT,HIV,5UTY,PGT122,,,
QRNFYHWSPYSDNPVTSFLLRDGSTYENERAPIHN,GTRNSEDNTLQKENTEEPP,HIV,5UTY,35O22,,,
SSYNYASQSSSYSTPRSSIIFGTANYAQPSFWAAEYQ,KFVNEEAQILESPWIHSSNYQQSFVSDHWLMNPDL,Influenza,5VAG,,,,
EVEDNSSDYKRGPESGWFYHYYWGLGGNGRYNRSRQTPR,HTNVTNCSFNKKEY,HIV ,5VGJ,,,,
RGTSSYPIFDRDFSSY,CVLVKQCPKRPSNGDIRKQIQMYAPPIDGKR,HIV ,5UWE,,,,
EYSSSTYWFGYSNYYTP,IRNNTDNAAFPTKGSGNK,Influenza,5V2A,,,,
TDYHWHNSDNRSVDYYYYDRWSSSD,YTGVSASSWTGKNGLPNIGDRALHKDRE,Influenza,5UGY,,,,
DSSNNYYYYSSYRRVLLWAGYD,PQQNARLFLPYKYKHDDITYLGTDVNDTEY,Vaccinia Virus,5USH,,,,
QVISNYDYENLSYYSGASGTFYYYF,PLSKWAFIVTPSLHHIQGQNPHALM,Marburg Virus,5UQY,,,,
EDTICIGYHANNVDTVLEKVVTHVLLKSDYEEREQSSHYWTLLERGFGSGINSLPFPVTIGECPKYVRSKLRMVTGLRNIPS,LIAFIEGGWTMVDGWYGYHHQNEYIKVVIMNTQFTAVGKEFNEDIDWTAELVLLENETLHVLYVLIGCFEFHKCMVSSVSSHYSKDTIIEAGINKNSEKNQEFHTPEIAKRPVRNKLERRMNKY,Influenza,5UJZ,,,,
SNWKQDNLELAVDAISNSAQTIDKLPKQFYDSERSVSGT,KYYQNTRNFKGWKSSYESSNTSAPQLNHRYKN,Vaccinia Virus,5USL,,,,
DVLETALVVSETYLHYDVNYLYVNETYDN,SNIKENKCLKNYDKQLPILNKQSCET,Respiratory Syncytial Virus,5UDC,,,,
TSSYSSSSSSSYYRATGYNSITPSGAGYYDNNNKGYRS,LTGWYTSVVSGVSVLNDMPITNDQKKLLYGIDTPDNAGSRSSKNRGIDTLY,Respiratory Syncytial Virus,5U68,,,,
PVGHGGGAMQRDIHTTFGTRPYYIYGLDSHGGGT,WKNNEILTGGSVNNAKSGGDINWQGTGQGGNKR,HIV ,5UEM,,,,
SYYVNITAGNREVGATGDF,YTTGVSAGESWTKNGPNDALHKDREG,Influenza,5UG0,,,,
QRNFYHWSYSDKNEPVTSFLLRDGSTYENERAPIHN,GSTARSEDNMTLQKENVTEEPP,HIV,5U7O,35O22 ,,,
YSGDNRRIYGVVFEWFTLGSRNNNDPGSFWDSRRPT,VTNNDIIGDIRQHTLP,HIV,5U7O,PGT122,,,
QRNFYHWSYSDKNEPVTSFLLRDGSTYENERAPIHN,GSTARSEWDNMTLQK,HIV,5U7M,35O22,,,
SGDNRIYGVVFEWFTLGSRNNNDPGSFWDSRRPT,VTNNDIIGDIRQHTLP,HIV,5U7M,PGT122,,,
TSNTWRRDIDEGAPILFFEWGYYY,LWNWFDITNLWIR,HIV,5U3N,,,,
FNSWRRKDDEGTPVTFLEWGYFY,KWNWFDITNLWIRK,HIV,5U3O,,,,
TSNTWRRDIDEGAPILFFEWGYYY,LWNWFDITNLWIRK,HIV,5U3M,,,,
FDNSWRRKDDEGTPVTFLEWGYFY,ASLWNWFDITNLWIR,HIV,5U3K,,,,
FDNSWRRKDDEGTPVTFLEWGYFY,KKKWNWFDITNLWIR,HIV,5U3L,,,,
YYYERSHSTYKVAHFRGCVDGMDYW,KSNKNRGITSVGNTLYTGWSLSNGVSMPITNDQKNAGT,Respiratory Syncytial Virus,5TOK,,,,
YYERCISSSTYKRSSSWGGCVHYGMDYW,TGWSGVSVMPITNDQKLYGVNAGTKTSNKNRGISGNTLY,Respiratory Syncytial Virus,5TOJ,,,,
EHWAIVTYTALRNYWYFYSYEFGSVY,AVGIGAVF,HIV,5TKJ,,,,
FTFSNTWRKDDDLGEPVVFFEWGSYY,NEQSLWNWFDITNLWIR,HIV,5U3J,,,,
DHWNYDYVSGDYYSISNSYNNWL,SALLSTNKAVLKDKNDKKNDK,Respiratory Syncytial Virus,5TPN,,,,
QVTSGGTYINYASPISNSRLLKYCGGGNCVDPYKSET,HLNCNDSLHTGFLAAFYHKFNAWEWP,Hepatitis C,6MEH,Antibody PGT124 Fab,,,
QASGGTLNSYETPIFEESRVRYCGGGRCNYYNQSGS,INGSWLNCNDHTGFLAAFYKFNA,Hepatitis C,6MEI,Antibody 35O22 Fab,,,
YGVSFEFFLGSFSRSG,VNTNTNTIIGNIRQHNENTLQR,HIV 1,6MDT,Antibody PGT124 Fab ,,,
EGQGYRNFYHWSPYSDKNPVTSFKLLRDGSTYLWYEEPFHNS,GSTNEDNTMQKNVTNPT,HIV 1,6MDT,Antibody 35O22 Fab,,,
QRIYGVVFEFLGSNNQPDIFGSRSGF,NTNIIGNIRQHTLQ,HIV 1,6MCO,,,,
EGQLVGYRFYYEPVTSFKLLRDGYLWAPTYEP,GASMNEDNMTMQKGNVTEPT,HIV 1,6MCO,,,,
TTGNAWINHSDTTKSINYNEAEMSSYLRTVAA,AVGLGAVFLGFG,HIV 1,6ME1,,,,
TDYNDISPYYGSTGYVRSNYDGSYSNW,KRTWNEIPSKCKGRCDHVLMQLQHLLS,Rabies lyssavirus,6LGW,,,,
EVGGSYNHYPTRYDTNYYYDYLESG,QETLTHVKINDKCHEERGNGCAATIRV,Yellow fever virus 17D,6IW2,,,,
EYSTYEDGYYIHYFWSTPW,GYYSSP,Tick-borne encephalitis virus (WESTERN SUBTYPE),6J5G,,,,
IGNNYRNKDSLTYGYYYY,TAAFTQYAGTDSTENEKI,Zika virus,6JEP,,,,
DYSPGGSTYADVYNWNIGSKSYDNWS,DGQKDPPSCDLQSAQKCPPKYQ,Rift Valley fever virus,6IEC,,,,
TVEYGSGTYEDGYYIHYKFWSTPW,TMGTKNELSCDKTKFTTFS, Tick-borne encephalitis virus,6J5F,,,,
TEYGSGTTYEDGYYIHYKFWSTPW,TCDKSKFATFSGSKNELS, Louping ill virus,6J5D,,,,
EVGGSYNHYPSTRYDTNYYYDYLESG,LTHVKINDKCEAHAEDRWGNGAATIRVL,"	Yellow fever virus",6IVZ,,,,
FPYYDDDTYYYGSGFHSDGYYYS,IQIIPSSWSKTKRSYNTNYGTSDAINE,Influenza A virus (A/Hong Kong/482/97(H5N1)),6IUV,,,,
EVGGSYNYPRYDTNYDYLES,LTHVKINDKCHEERWGNGAATIRV,Yellow Fever Virus,6IW0,,,,
SGYYNSNVWEGSGAGFDNFYSS,RNGATSARSGSWLDNVSAEKLQL,influenza ,6II9,,,,
YSSGSYLWFGELLRGSASNYEDD,RGATSARSWLNTDNASAETKLQNGL,influenza ,6II8,,,,
SYALISYDSNYHGSGGEVGSASNYEYYDSA,YGIRNGATSSWLNTDNAASTAETKL,influenza ,6II4,,,,
YEDEDIRSSSYNYYSSDAWPSN,KHYTQDAKPQPKSLKKK,Rift Valley fever virus,6IEK,,,,
NSYYYFDSGSTKRGFWGLDDIDYNYYDKRPYTSSN,QIIPKPTIKRSYNTNFESSWSDH,influenza ,6IUT,,,,
TYYYYYSDYGDLGDLYQDKNDS,TQEDATKPTAGPKMGASLKS,Rift Valley fever virus,6IEB,,,,
YGVFGEFFLGSFSR,VNATNNIIGDIRQAHNTTLPR,HIV 1,6IEQ,Antibody PGT124 Fab,,,
RNFYHWSPYSDEPVTSFLLRDGSTYEERAPHN,GSTQDEDNTMEKENVTEPK,HIV 1,6IEQ,Antibody 35O22 Fab,,,
YYDYYCSGIRNGSYNYYYDKAWPSN,HGMTQEDATKPTAGAQPKMASLKKD,Rift Valley fever virus,6IEA,,,,
YRASKWDGHYYNNYATNFWHTW,MSYSMCTYGDGSPKTEKDVEP,dengue,6FLC,,,,
RPSWIYGDERQHGRGVRNIGSTLVHYDDDNSWHST,KKQKAYALFYRPDVV,HIV 1,6FY0,,,,
TGIDNSDHYASTYYNYPTYNYLYSSYDGNCL,SQPIGGHGSKKECTAQYN,Rift Valley fever virus,6I9I,,,,
TWMYDDKLYDSGFLYWIASDYVEDIYDMHW,RKKKAYALFYRD,HIV 1,6FY3,,,,
WGAVYARQE,GGDDGGSN,HIV 1,6E5P,,,,
LTGLFGPEENEGNYYNLWTFQRPSP,VLTPTSICNTVTRDPEYRIKQIINVGKMKN,HIV 1,6EDU,Antibody 21c Fab ,,,
QMYGVNTGLRLTGSSTYDKWSGHHDSTGNWYRAAL,DSWSNMQEKEDYVWKETENFNKTNGPENITQPRK,HIV 1,6EDU,Antibody 8ANC195 G52K5 Fab ,,,
TTSYWQWAWDDRKGGFSFGKFNNEVF,MCTGKEGDPFEKIIGVEPGQK,dengue,6FLA,,,,
SSYWSGLGGSTYYDKTHRVWAAGYHSSWDASSGYYSSP,KEGAIGLAWIFGPSPLVDVDPRQLNEQ,Pan-Ebolavirus,6EA7,,,,
YDKERTQIVLYFWLEDQSDQ,HHAQSTGVDGWADKTQIDVTNVNID,influenza,6E3H,,,,
SSYSGLGGSTYRVWAAYSDS,PVDINCCGRQLNEQA,Pan-Ebolavirus,6DZM,,,,
TIFGVVIIGEYYLPKQYYDSASSGW,PKLRSMRDVRMHI,HIV 1,6DFH,,,,
SSYSGLGGTYRVWAYSWDS,PVSDKNPCGRQLNEQ,Ebola,6DZL,,,,
VDSRPHSDIHNATTRARIYGVVALEWFHDTSRFRSSQRSSAWTDSK,TNNITDDPDIIGDIRQAHTLP,HIV 1,6DFG,,,,
TYYYVDHQPGGR,VSYSLTAYGTDGPSTEVGE,Zika virus,6DFI,,,,
TYYYVDHQPGGR,SYVMTGYGTDAPKKEAGEK,Zika virus,6DFJ,,,,
QLLADFASRRP,TNNDIIGDIRQHTLP,HIV 1,6CUF,,,,
YGVAFELGSFSRRP,TNNDIIGDIRQHTLP,HIV 1,6CUE,,,,
QRNFYHWSYDKNEPVTSFLLRDGSTYEERAPGHN,GSTRSEDNMTLQKENVTEEPP,HIV 1,6DE7,Antibody 35O22 Fab,,,
YDNRPIYGVVFKEWFTLGSNNNDPGSFWDSRRPT,VTNNIMIIGDIRQAHTLPC,HIV 1,6DE7,,,,
WRLFDDMDNSRTYLSNRTGRGSWY,NDPITNDKKKNRGITSNL,respiratory syncytial virus,6CXC,,,,
RDWSRYSRSNSG,AKADTDPSQEITVQ,HIV 1,6DCQ,,,,
YGVALEFTSRFRSQW,TNNITDIRQHTP,HIV 1,6CHB,,,,
RWWKLWGAVSYARQQRLSQDPPDFSAQK,TNTNNAKNSGGDEVNMWQRITRDGGSTNSTETRGD,HIV 1,6CDI,,,,
EQNFEFREWWKLWGAVSYARQQRLSDPPDDF,KTNTNNAKNSGGDEVNMWQRITRDGGSTNSTETRGD,HIV 1,6CDE,,,,
TNNYIFDIFNGNYYY,IPLSKPNAGWALTQINITLNSQ,influenza,6CNV,,,,
SSYFYYGFSDDACYRRGSWDYYAYT,FHFEVFNFVPINTCAICKN,respiratory syncytial virus,6BLI,,,,
RNILGIREQLAPHPSQYYYY,ECTGSCTRLYPGQWEGTQTAEDDNAQEIYI,Hendra Virus,6CMG,,,,
RTYSNILGIREQLAPHPSQYYYY,EGTGSRCTRLYPGQWEGTNSQTAENDDNAQEIYTSI,Hendra Virus,6CMI,,,,
RFYYPVTSFLRDGYERP,TNSEWDMTLQKENTEEPP,HIV 1,6CH8,,,,
YGVFELGSSR,YGNIRKAHTLP,HIV 1,6CE0,,,,
YYYTYITYSYFNNED,LINTNGSWHI,hepatitis C virus,6BZW,,,,
YGVLETSFQRSW,NNITRDIRQAHTLP,HIV 1,6CH7,,,,
TDYEHWAIVETYTALKLLGYFYYEFGTLY,AVGIGAVF,HIV 1,6CDP,,,,
SYYYGTTKYPKGWFVQAIANYSGTQNTYP,NSIARLGCEARLGEALDPSIARLGCEA,Parainfluenza,6MJZ,,,,
SSDYSCSARSCYGPHGNGYYYLN,DINEKIQIIPSSSYQKNRSYNTEY,Influenza,5A3I,,,,
SYAVISYNYDRSYDRVRSNDSTRSGSGSDFTTSRSW,RSTPPALNCYWLNCYWLNDYGYTTGIYQ,sars,2ghw,,,,
TTYRYPGNDTTTEGIPQLYVSY,TFFSGDNRNTTTGIGYQY,sars,3bgf,,,,
RNKYFSWP,YGKPDN,sars,6nb6,,,,
SYTWGGITILIANYQRDTVMGGSKWDSSDY,TFSTFKKGDDVRRSYGYTTTGIGYQY,sars,2dd8,,,,